{
	"hud_lives_icon_sonic":  { "File": "hud_life_sprites.png", "Rect": "0,16,49,16", "Center": "0,0" },
	"hud_smalldigit_0":  { "File": "hud_life_sprites.png", "Rect": "1,0,8,8", "Center": "0,0" },
	"hud_smalldigit_1":  { "File": "hud_life_sprites.png", "Rect": "9,0,8,8", "Center": "0,0" },
	"hud_smalldigit_2":  { "File": "hud_life_sprites.png", "Rect": "17,0,8,8", "Center": "0,0" },
	"hud_smalldigit_3":  { "File": "hud_life_sprites.png", "Rect": "25,0,8,8", "Center": "0,0" },
	"hud_smalldigit_4":  { "File": "hud_life_sprites.png", "Rect": "33,0,8,8", "Center": "0,0" },
	"hud_smalldigit_5":  { "File": "hud_life_sprites.png", "Rect": "1,8,8,8", "Center": "0,0" },
	"hud_smalldigit_6":  { "File": "hud_life_sprites.png", "Rect": "9,8,8,8", "Center": "0,0" },
	"hud_smalldigit_7":  { "File": "hud_life_sprites.png", "Rect": "17,8,8,8", "Center": "0,0" },
	"hud_smalldigit_8":  { "File": "hud_life_sprites.png", "Rect": "25,8,8,8", "Center": "0,0" },
	"hud_smalldigit_9":  { "File": "hud_life_sprites.png", "Rect": "33,8,8,8", "Center": "0,0" }
}